Workbook

Sheet Sheet1
A1: RTL | B1: pin | C1: SoMネット名 | D1: FT601ネット名
A2: ft601_clk | B2: K5 | C2: K5_IOT63B | D2: FT601_CLK
A3: ft601_txe_n | B3: G2 | C3: G2_IOR24A_40P | D3: FT601_TXE
A4: ft601_rxf_n | B4: K4 | C4: K4_IOR22B_40P | D4: FT601_RXF
A5: ft601_siwu_n | B5: J4 | C5: J4_IOR22A_40P | D5: FT601_SIWU
A6: ft601_wr_n | B6: K2 | C6: K2_IOR20B_40P | D6: FT601_WR
A7: ft601_rd_n | B7: K1 | C7: K1_IOR20A_40P | D7: FT601_RD
A8: ft601_oe_n | B8: L1 | C8: L1_IOR18B_40P | D8: FT601_OE
A9: ft601_gpio[0] | B9: H1 | C9: G1_IOR24B_40P | D9: FT601_GPIO0
A10: ft601_gpio[1] | B10: H2 | C10: L4_IOR31A_40P | D10: FT601_GPIO1
A11: ft601_be[0] | B11: J1 | C11: J1_IOR33A_40P | D11: FT601_BE0
A12: ft601_be[1] | B12: L3 | C12: L3_IOR31B_40P | D12: FT601_BE1
... A48: ft601_wakeup | B48: H4 | C48: H4_IOB89B_40P | D48: FT601_WAKEUP

Sheet Sheet2
A1: No. | B1: conn | C1: pin | D1: FPGA | E1: NAME | F1: bank | G1: attr | H1: Voltage | I1: RTL | J1: LOC
A2: 1 | B2: J3 | C2: 2 | E2: GND | F2: 0 | I2: =_xlfn.XLOOKUP(D2, Sheet1!B$2:B$48, Sheet1!A$2:A$48, "") | J2: =IF(I2<>"","IO_LOC """&I2&""" "&D2&";", "")
A3: 12 | B3: J3 | C3: 24 | E3: VCCIO0_1 | I3: =_xlfn.XLOOKUP(D3, Sheet1!B$2:B$48, Sheet1!A$2:A$48, "") | J3: =IF(I3<>"","IO_LOC """&I3&""" "&D3&";", "")
A4: 13 | B4: J3 | C4: 26 | E4: VCCIO0_1 | I4: =_xlfn.XLOOKUP(D4, Sheet1!B$2:B$48, Sheet1!A$2:A$48, "") | J4: =IF(I4<>"","IO_LOC """&I4&""" "&D4&";", "")
A5: 14 | B5: J3 | C5: 28 | E5: GND | I5: =_xlfn.XLOOKUP(D5, Sheet1!B$2:B$48, Sheet1!A$2:A$48, "") | J5: =IF(I5<>"","IO_LOC """&I5&""" "&D5&";", "")
A6: 25 | B6: J3 | C6: 50 | E6: GND | I6: =_xlfn.XLOOKUP(D6, Sheet1!B$2:B$48, Sheet1!A$2:A$48, "") | J6: =IF(I6<>"","IO_LOC """&I6&""" "&D6&";", "")
A7: 30 | B7: J3 | C7: 60 | E7: GND | I7: =_xlfn.XLOOKUP(D7, Sheet1!B$2:B$48, Sheet1!A$2:A$48, "") | J7: =IF(I7<>"","IO_LOC """&I7&""" "&D7&";", "")
A8: 31 | B8: J3 | C8: 1 | E8: GND | F8: 0 | I8: =_xlfn.XLOOKUP(D8, Sheet1!B$2:B$48, Sheet1!A$2:A$48, "") | J8: =IF(I8<>"","IO_LOC """&I8&""" "&D8&";", "")
A9: 38 | B9: J3 | C9: 15 | E9: GND | I9: =_xlfn.XLOOKUP(D9, Sheet1!B$2:B$48, Sheet1!A$2:A$48, "") | J9: =IF(I9<>"","IO_LOC """&I9&""" "&D9&";", "")
A10: 44 | B10: J3 | C10: 27 | E10: GND | I10: =_xlfn.XLOOKUP(D10, Sheet1!B$2:B$48, Sheet1!A$2:A$48, "") | J10: =IF(I10<>"","IO_LOC """&I10&""" "&D10&";", "")
A11: 45 | B11: J3 | C11: 29 | E11: VCCIO6_7 | I11: =_xlfn.XLOOKUP(D11, Sheet1!B$2:B$48, Sheet1!A$2:A$48, "") | J11: =IF(I11<>"","IO_LOC """&I11&""" "&D11&";", "")
A12: 46 | B12: J3 | C12: 31 | E12: VCCIO6_7 | I12: =_xlfn.XLOOKUP(D12, Sheet1!B$2:B$48, Sheet1!A$2:A$48, "") | J12: =IF(I12<>"","IO_LOC """&I12&""" "&D12&";", "")
A13: 53 | B13: J3 | C13: 45 | E13: GND | I13: =_xlfn.XLOOKUP(D13, Sheet1!B$2:B$48, Sheet1!A$2:A$48, "") | J13: =IF(I13<>"","IO_LOC """&I13&""" "&D13&";", "")
A14: 60 | B14: J3 | C14: 59 | E14: GND | I14: =_xlfn.XLOOKUP(D14, Sheet1!B$2:B$48, Sheet1!A$2:A$48, "") | J14: =IF(I14<>"","IO_LOC """&I14&""" "&D14&";", "")
A15: 61 | B15: J4 | C15: 2 | E15: VCCIO2_3 | I15: =_xlfn.XLOOKUP(D15, Sheet1!B$2:B$48, Sheet1!A$2:A$48, "") | J15: =IF(I15<>"","IO_LOC """&I15&""" "&D15&";", "")
A16: 62 | B16: J4 | C16: 4 | E16: VCCIO2_3 | I16: =_xlfn.XLOOKUP(D16, Sheet1!B$2:B$48, Sheet1!A$2:A$48, "") | J16: =IF(I16<>"","IO_LOC """&I16&""" "&D16&";", "")
A17: 79 | B17: J4 | C17: 38 | E17: 1.8V | I17: =_xlfn.XLOOKUP(D17, Sheet1!B$2:B$48, Sheet1!A$2:A$48, "") | J17: =IF(I17<>"","IO_LOC """&I17&""" "&D17&";", "")
A18: 80 | B18: J4 | C18: 40 | E18: 1.8V | I18: =_xlfn.XLOOKUP(D18, Sheet1!B$2:B$48, Sheet1!A$2:A$48, "") | J18: =IF(I18<>"","IO_LOC """&I18&""" "&D18&";", "")
A19: 81 | B19: J4 | C19: 42 | E19: 2.5V | I19: =_xlfn.XLOOKUP(D19, Sheet1!B$2:B$48, Sheet1!A$2:A$48, "") | J19: =IF(I19<>"","IO_LOC """&I19&""" "&D19&";", "")
A20: 82 | B20: J4 | C20: 44 | E20: 2.5V | I20: =_xlfn.XLOOKUP(D20, Sheet1!B$2:B$48, Sheet1!A$2:A$48, "") | J20: =IF(I20<>"","IO_LOC """&I20&""" "&D20&";", "")
... A29: 91 | B29: J4 | C29: 1 | E29: GND | I29: =_xlfn.XLOOKUP(D29, Sheet1!B$2:B$48, Sheet1!A$2:A$48, "") | J29: =IF(I29<>"","IO_LOC """&I29&""" "&D29&";", "")
A30: 97 | B30: J4 | C30: 13 | D30: D8 | E30: D8_RECONFIG | F30: 5 | H30: 3.3 | I30: =_xlfn.XLOOKUP(D30, Sheet1!B$2:B$48, Sheet1!A$2:A$48, "") | J30: =IF(I30<>"","IO_LOC """&I30&""" "&D30&";", "")
A31: 100 | B31: J4 | C31: 19 | E31: GND | I31: =_xlfn.XLOOKUP(D31, Sheet1!B$2:B$48, Sheet1!A$2:A$48, "") | J31: =IF(I31<>"","IO_LOC """&I31&""" "&D31&";", "")
A32: 105 | B32: J4 | C32: 29 | E32: GND | I32: =_xlfn.XLOOKUP(D32, Sheet1!B$2:B$48, Sheet1!A$2:A$48, "") | J32: =IF(I32<>"","IO_LOC """&I32&""" "&D32&";", "")
A33: 111 | B33: J4 | C33: 41 | E33: GND | I33: =_xlfn.XLOOKUP(D33, Sheet1!B$2:B$48, Sheet1!A$2:A$48, "") | J33: =IF(I33<>"","IO_LOC """&I33&""" "&D33&";", "")
A34: 114 | B34: J4 | C34: 47 | E34: GND | I34: =_xlfn.XLOOKUP(D34, Sheet1!B$2:B$48, Sheet1!A$2:A$48, "") | J34: =IF(I34<>"","IO_LOC """&I34&""" "&D34&";", "")
A35: 117 | B35: J4 | C35: 53 | E35: GND | I35: =_xlfn.XLOOKUP(D35, Sheet1!B$2:B$48, Sheet1!A$2:A$48, "") | J35: =IF(I35<>"","IO_LOC """&I35&""" "&D35&";", "")
A36: 120 | B36: J4 | C36: 59 | E36: GND | I36: =_xlfn.XLOOKUP(D36, Sheet1!B$2:B$48, Sheet1!A$2:A$48, "")
A37: 56 | B37: J3 | C37: 51 | D37: C11 | E37: C11_IOL5A | F37: 6 | H37: 1.8 | I37: dip_sw[0] | J37: =IF(I37<>"","IO_LOC """&I37&""" "&D37&";", "") -> IO_LOC "dip_sw[0]" C11;
A38: 57 | B38: J3 | C38: 53 | D38: C10 | E38: C10_IOL5B | F38: 6 | H38: 1.8 | I38: dip_sw[1] | J38: =IF(I38<>"","IO_LOC """&I38&""" "&D38&";", "") -> IO_LOC "dip_sw[1]" C10;
A39: 73 | B39: J4 | C39: 26 | D39: J1 | E39: J1_IOR33A_40P | F39: 2 | G39: GCLK | H39: 1.8 | I39: =_xlfn.XLOOKUP(D39, Sheet1!B$2:B$48, Sheet1!A$2:A$48, "") -> ft601_be[0] | J39: =IF(I39<>"","IO_LOC """&I39&""" "&D39&";", "") -> IO_LOC "ft601_be[0]" J1;
A40: 72 | B40: J4 | C40: 24 | D40: L3 | E40: L3_IOR31B_40P | F40: 2 | G40: GCLK | H40: 1.8 | I40: =_xlfn.XLOOKUP(D40, Sheet1!B$2:B$48, Sheet1!A$2:A$48, "") -> ft601_be[1] | J40: =IF(I40<>"","IO_LOC """&I40&""" "&D40&";", "") -> IO_LOC "ft601_be[1]" L3;
A41: 71 | B41: J4 | C41: 22 | D41: L4 | E41: L4_IOR31A_40P | F41: 2 | G41: GCLK | H41: 1.8 | I41: =_xlfn.XLOOKUP(D41, Sheet1!B$2:B$48, Sheet1!A$2:A$48, "") -> ft601_be[2] | J41: =IF(I41<>"","IO_LOC """&I41&""" "&D41&";", "") -> IO_LOC "ft601_be[2]" L4;
A42: 70 | B42: J4 | C42: 20 | D42: G1 | E42: G1_IOR24B_40P | F42: 2 | H42: 1.8 | I42: =_xlfn.XLOOKUP(D42, Sheet1!B$2:B$48, Sheet1!A$2:A$48, "") -> ft601_be[3] | J42: =IF(I42<>"","IO_LOC """&I42&""" "&D42&";", "") -> IO_LOC "ft601_be[3]" G1;
A43: 5 | B43: J3 | C43: 10 | D43: K5 | E43: K5_IOT63B | F43: 0 | G43: GCLK | H43: 1.8 | I43: =_xlfn.XLOOKUP(D43, Sheet1!B$2:B$48, Sheet1!A$2:A$48, "") -> ft601_clk | J43: =IF(I43<>"","IO_LOC """&I43&""" "&D43&";", "") -> IO_LOC "ft601_clk" K5;
A44: 24 | B44: J3 | C44: 48 | D44: L11 | E44: L11_IOT11B | F44: 7 | H44: 1.8 | I44: =_xlfn.XLOOKUP(D44, Sheet1!B$2:B$48, Sheet1!A$2:A$48, "") -> ft601_data[0] | J44: =IF(I44<>"","IO_LOC """&I44&""" "&D44&";", "") -> IO_LOC "ft601_data[0]" L11;
A45: 23 | B45: J3 | C45: 46 | D45: K11 | E45: K11_IOT11A | F45: 7 | H45: 1.8 | I45: =_xlfn.XLOOKUP(D45, Sheet1!B$2:B$48, Sheet1!A$2:A$48, "") -> ft601_data[1] | J45: =IF(I45<>"","IO_LOC """&I45&""" "&D45&";", "") -> IO_LOC "ft601_data[1]" K11;
A46: 11 | B46: J3 | C46: 22 | D46: G5 | E46: G5_IOT72B | F46: 0 | H46: 1.8 | I46: =_xlfn.XLOOKUP(D46, Sheet1!B$2:B$48, Sheet1!A$2:A$48, "") -> ft601_data[10] | J46: =IF(I46<>"","IO_LOC """&I46&""" "&D46&";", "") -> IO_LOC "ft601_data[10]" G5;
A47: 10 | B47: J3 | C47: 20 | D47: F5 | E47: F5_IOT72A | F47: 0 | H47: 1.8 | I47: =_xlfn.XLOOKUP(D47, Sheet1!B$2:B$48, Sheet1!A$2:A$48, "") -> ft601_data[11] | J47: =IF(I47<>"","IO_LOC """&I47&""" "&D47&";", "") -> IO_LOC "ft601_data[11]" F5;
A48: 9 | B48: J3 | C48: 18 | D48: G8 | E48: G8_IOT68B | F48: 0 | H48: 1.8 | I48: =_xlfn.XLOOKUP(D48, Sheet1!B$2:B$48, Sheet1!A$2:A$48, "") -> ft601_data[12] | J48: =IF(I48<>"","IO_LOC """&I48&""" "&D48&";", "") -> IO_LOC "ft601_data[12]" G8;
A49: 8 | B49: J3 | C49: 16 | D49: G7 | E49: G7_IOT68A | F49: 0 | H49: 1.8 | I49: =_xlfn.XLOOKUP(D49, Sheet1!B$2:B$48, Sheet1!A$2:A$48, "") -> ft601_data[13] | J49: =IF(I49<>"","IO_LOC """&I49&""" "&D49&";", "") -> IO_LOC "ft601_data[13]" G7;
A50: 7 | B50: J3 | C50: 14 | D50: H7 | E50: H7_IOT66B | F50: 0 | H50: 1.8 | I50: =_xlfn.XLOOKUP(D50, Sheet1!B$2:B$48, Sheet1!A$2:A$48, "") -> ft601_data[14] | J50: =IF(I50<>"","IO_LOC """&I50&""" "&D50&";", "") -> IO_LOC "ft601_data[14]" H7;
A51: 6 | B51: J3 | C51: 12 | D51: H8 | E51: H8_IOT66A | F51: 0 | H51: 1.8 | I51: =_xlfn.XLOOKUP(D51, Sheet1!B$2:B$48, Sheet1!A$2:A$48, "") -> ft601_data[15] | J51: =IF(I51<>"","IO_LOC """&I51&""" "&D51&";", "") -> IO_LOC "ft601_data[15]" H8;
A52: 2 | B52: J3 | C52: 4 | D52: H5 | E52: H5_IOT61A | F52: 0 | G52: GCLK | H52: 1.8 | I52: =_xlfn.XLOOKUP(D52, Sheet1!B$2:B$48, Sheet1!A$2:A$48, "") -> ft601_data[16] | J52: =IF(I52<>"","IO_LOC """&I52&""" "&D52&";", "") -> IO_LOC "ft601_data[16]" H5;
A53: 3 | B53: J3 | C53: 6 | D53: J5 | E53: J5_IOT61B | F53: 0 | G53: GCLK | H53: 1.8 | I53: =_xlfn.XLOOKUP(D53, Sheet1!B$2:B$48, Sheet1!A$2:A$48, "") -> ft601_data[17] | J53: =IF(I53<>"","IO_LOC """&I53&""" "&D53&";", "") -> IO_LOC "ft601_data[17]" J5;
A54: 4 | B54: J3 | C54: 8 | D54: L5 | E54: L5_IOT63A | F54: 0 | G54: GCLK | H54: 1.8 | I54: =_xlfn.XLOOKUP(D54, Sheet1!B$2:B$48, Sheet1!A$2:A$48, "") -> ft601_data[18] | J54: =IF(I54<>"","IO_LOC """&I54&""" "&D54&";", "") -> IO_LOC "ft601_data[18]" L5;
A55: 32 | B55: J3 | C55: 3 | D55: L9 | E55: L9_IOT31A_40P | F55: 0 | H55: 1.8 | I55: =_xlfn.XLOOKUP(D55, Sheet1!B$2:B$48, Sheet1!A$2:A$48, "") -> ft601_data[19] | J55: =IF(I55<>"","IO_LOC """&I55&""" "&D55&";", "") -> IO_LOC "ft601_data[19]" L9;
A56: 22 | B56: J3 | C56: 44 | D56: K10 | E56: K10_IOT15B_40P | F56: 7 | H56: 1.8 | I56: =_xlfn.XLOOKUP(D56, Sheet1!B$2:B$48, Sheet1!A$2:A$48, "") -> ft601_data[2] | J56: =IF(I56<>"","IO_LOC """&I56&""" "&D56&";", "") -> IO_LOC "ft601_data[2]" K10;
A57: 33 | B57: J3 | C57: 5 | D57: K9 | E57: K9_IOT31B_40P | F57: 0 | H57: 1.8 | I57: =_xlfn.XLOOKUP(D57, Sheet1!B$2:B$48, Sheet1!A$2:A$48, "") -> ft601_data[20] | J57: =IF(I57<>"","IO_LOC """&I57&""" "&D57&";", "") -> IO_LOC "ft601_data[20]" K9;
A58: 34 | B58: J3 | C58: 7 | D58: J8 | E58: J8_IOT56A_40P | F58: 0 | G58: GCLK | H58: 1.8 | I58: =_xlfn.XLOOKUP(D58, Sheet1!B$2:B$48, Sheet1!A$2:A$48, "") -> ft601_data[21] | J58: =IF(I58<>"","IO_LOC """&I58&""" "&D58&";", "") -> IO_LOC "ft601_data[21]" J8;
A59: 35 | B59: J3 | C59: 9 | D59: K8 | E59: K8_IOT56B_40P | F59: 0 | G59: GCLK | H59: 1.8 | I59: =_xlfn.XLOOKUP(D59, Sheet1!B$2:B$48, Sheet1!A$2:A$48, "") -> ft601_data[22] | J59: =IF(I59<>"","IO_LOC """&I59&""" "&D59&";", "") -> IO_LOC "ft601_data[22]" K8;
A60: 36 | B60: J3 | C60: 11 | D60: F7 | E60: F7_IOT58A_40P | F60: 0 | G60: GCLK | H60: 1.8 | I60: =_xlfn.XLOOKUP(D60, Sheet1!B$2:B$48, Sheet1!A$2:A$48, "") -> ft601_data[23] | J60: =IF(I60<>"","IO_LOC """&I60&""" "&D60&";", "") -> IO_LOC "ft601_data[23]" F7;
A61: 37 | B61: J3 | C61: 13 | D61: F6 | E61: F6_IOT58B_40P | G61: GCLK | H61: 1.8 | I61: =_xlfn.XLOOKUP(D61, Sheet1!B$2:B$48, Sheet1!A$2:A$48, "") -> ft601_data[24] | J61: =IF(I61<>"","IO_LOC """&I61&""" "&D61&";", "") -> IO_LOC "ft601_data[24]" F6;
A62: 47 | B62: J3 | C62: 33 | D62: J11 | E62: J11_IOT1A_40P | F62: 7 | G62: GCLK | H62: 1.8 | I62: =_xlfn.XLOOKUP(D62, Sheet1!B$2:B$48, Sheet1!A$2:A$48, "") -> ft601_data[25] | J62: =IF(I62<>"","IO_LOC """&I62&""" "&D62&";", "") -> IO_LOC "ft601_data[25]" J11;
A63: 48 | B63: J3 | C63: 35 | D63: J10 | E63: J10_IOT1B_40P | F63: 7 | G63: GCLK | H63: 1.8 | I63: =_xlfn.XLOOKUP(D63, Sheet1!B$2:B$48, Sheet1!A$2:A$48, "") -> ft601_data[26] | J63: =IF(I63<>"","IO_LOC """&I63&""" "&D63&";", "") -> IO_LOC "ft601_data[26]" J10;
A64: 49 | B64: J3 | C64: 37 | D64: H11 | E64: H11_IOT3A_S1 | F64: 7 | G64: GCLK | H64: 1.8 | I64: =_xlfn.XLOOKUP(D64, Sheet1!B$2:B$48, Sheet1!A$2:A$48, "") -> ft601_data[27] | J64: =IF(I64<>"","IO_LOC """&I64&""" "&D64&";", "") -> IO_LOC "ft601_data[27]" H11;
A65: 50 | B65: J3 | C65: 39 | D65: H10 | E65: H10_IOT3B_S2 | F65: 7 | G65: GCLK | H65: 1.8 | I65: =_xlfn.XLOOKUP(D65, Sheet1!B$2:B$48, Sheet1!A$2:A$48, "") -> ft601_data[28] | J65: =IF(I65<>"","IO_LOC """&I65&""" "&D65&";", "") -> IO_LOC "ft601_data[28]" H10;
A66: 51 | B66: J3 | C66: 41 | D66: G11 | E66: G11_IOT7A | F66: 7 | H66: 1.8 | I66: =_xlfn.XLOOKUP(D66, Sheet1!B$2:B$48, Sheet1!A$2:A$48, "") -> ft601_data[29] | J66: =IF(I66<>"","IO_LOC """&I66&""" "&D66&";", "") -> IO_LOC "ft601_data[29]" G11;
A67: 21 | B67: J3 | C67: 42 | D67: L10 | E67: L10_IOT15A_40P | F67: 7 | H67: 1.8 | I67: =_xlfn.XLOOKUP(D67, Sheet1!B$2:B$48, Sheet1!A$2:A$48, "") -> ft601_data[3] | J67: =IF(I67<>"","IO_LOC """&I67&""" "&D67&";", "") -> IO_LOC "ft601_data[3]" L10;
A68: 75 | B68: J4 | C68: 30 | D68: G4 | E68: G4_IOB89A_40P | F68: 3 | G68: GCLK | H68: 1.8 | I68: =_xlfn.XLOOKUP(D68, Sheet1!B$2:B$48, Sheet1!A$2:A$48, "") -> ft601_data[30] | J68: =IF(I68<>"","IO_LOC """&I68&""" "&D68&";", "") -> IO_LOC "ft601_data[30]" G4;
A69: 74 | B69: J4 | C69: 28 | D69: J2 | E69: J2_IOR33B_40P | F69: 2 | G69: GCLK | H69: 1.8 | I69: =_xlfn.XLOOKUP(D69, Sheet1!B$2:B$48, Sheet1!A$2:A$48, "") -> ft601_data[31] | J69: =IF(I69<>"","IO_LOC """&I69&""" "&D69&";", "") -> IO_LOC "ft601_data[31]" J2;
A70: 20 | B70: J3 | C70: 40 | D70: L8 | E70: L8_IOT19B_40P | F70: 7 | H70: 1.8 | I70: =_xlfn.XLOOKUP(D70, Sheet1!B$2:B$48, Sheet1!A$2:A$48, "") -> ft601_data[4] | J70: =IF(I70<>"","IO_LOC """&I70&""" "&D70&";", "") -> IO_LOC "ft601_data[4]" L8;
A71: 19 | B71: J3 | C71: 38 | D71: L7 | E71: L7_IOT19A_40P | F71: 7 | H71: 1.8 | I71: =_xlfn.XLOOKUP(D71, Sheet1!B$2:B$48, Sheet1!A$2:A$48, "") -> ft601_data[5] | J71: =IF(I71<>"","IO_LOC """&I71&""" "&D71&";", "") -> IO_LOC "ft601_data[5]" L7;
A72: 18 | B72: J3 | C72: 36 | D72: J7 | E72: J7_IOT21B_40P | F72: 7 | H72: 1.8 | I72: =_xlfn.XLOOKUP(D72, Sheet1!B$2:B$48, Sheet1!A$2:A$48, "") -> ft601_data[6] | J72: =IF(I72<>"","IO_LOC """&I72&""" "&D72&";", "") -> IO_LOC "ft601_data[6]" J7;
A73: 17 | B73: J3 | C73: 34 | D73: K7 | E73: K7_IOT21A_40P | F73: 7 | H73: 1.8 | I73: =_xlfn.XLOOKUP(D73, Sheet1!B$2:B$48, Sheet1!A$2:A$48, "") -> ft601_data[7] | J73: =IF(I73<>"","IO_LOC """&I73&""" "&D73&";", "") -> IO_LOC "ft601_data[7]" K7;
A74: 16 | B74: J3 | C74: 32 | D74: K6 | E74: K6_IOT23B_USB_N | F74: 7 | H74: 1.8 | I74: =_xlfn.XLOOKUP(D74, Sheet1!B$2:B$48, Sheet1!A$2:A$48, "") -> ft601_data[8] | J74: =IF(I74<>"","IO_LOC """&I74&""" "&D74&";", "") -> IO_LOC "ft601_data[8]" K6;
A75: 15 | B75: J3 | C75: 30 | D75: L6 | E75: L6_IOT23A_USB_P | F75: 7 | H75: 1.8 | I75: =_xlfn.XLOOKUP(D75, Sheet1!B$2:B$48, Sheet1!A$2:A$48, "") -> ft601_data[9] | J75: =IF(I75<>"","IO_LOC """&I75&""" "&D75&";", "") -> IO_LOC "ft601_data[9]" L6;
A76: 77 | B76: J4 | C76: 34 | D76: H1 | E76: H1_IOB91A_40P | F76: 3 | G76: GCLK | H76: 1.8 | I76: =_xlfn.XLOOKUP(D76, Sheet1!B$2:B$48, Sheet1!A$2:A$48, "") -> ft601_gpio[0] | J76: =IF(I76<>"","IO_LOC """&I76&""" "&D76&";", "") -> IO_LOC "ft601_gpio[0]" H1;
A77: 78 | B77: J4 | C77: 36 | D77: H2 | E77: H2_IOB91B_40P | F77: 3 | G77: GCLK | H77: 1.8 | I77: =_xlfn.XLOOKUP(D77, Sheet1!B$2:B$48, Sheet1!A$2:A$48, "") -> ft601_gpio[1] | J77: =IF(I77<>"","IO_LOC """&I77&""" "&D77&";", "") -> IO_LOC "ft601_gpio[1]" H2;
A78: 64 | B78: J4 | C78: 8 | D78: L1 | E78: L1_IOR18B_40P | F78: 2 | H78: 1.8 | I78: =_xlfn.XLOOKUP(D78, Sheet1!B$2:B$48, Sheet1!A$2:A$48, "") -> ft601_oe_n | J78: =IF(I78<>"","IO_LOC """&I78&""" "&D78&";", "") -> IO_LOC "ft601_oe_n" L1;
A79: 65 | B79: J4 | C79: 10 | D79: K1 | E79: K1_IOR20A_40P | F79: 2 | H79: 1.8 | I79: =_xlfn.XLOOKUP(D79, Sheet1!B$2:B$48, Sheet1!A$2:A$48, "") -> ft601_rd_n | J79: =IF(I79<>"","IO_LOC """&I79&""" "&D79&";", "") -> IO_LOC "ft601_rd_n" K1;
A80: 63 | B80: J4 | C80: 6 | D80: L2 | E80: L2_IOR18A_40P | F80: 2 | H80: 1.8 | I80: =_xlfn.XLOOKUP(D80, Sheet1!B$2:B$48, Sheet1!A$2:A$48, "") -> ft601_reset_n | J80: =IF(I80<>"","IO_LOC """&I80&""" "&D80&";", "") -> IO_LOC "ft601_reset_n" L2;
A81: 68 | B81: J4 | C81: 16 | D81: K4 | E81: K4_IOR22B_40P | F81: 2 | H81: 1.8 | I81: =_xlfn.XLOOKUP(D81, Sheet1!B$2:B$48, Sheet1!A$2:A$48, "") -> ft601_rxf_n | J81: =IF(I81<>"","IO_LOC """&I81&""" "&D81&";", "") -> IO_LOC "ft601_rxf_n" K4;
A82: 67 | B82: J4 | C82: 14 | D82: J4 | E82: J4_IOR22A_40P | F82: 2 | H82: 1.8 | I82: =_xlfn.XLOOKUP(D82, Sheet1!B$2:B$48, Sheet1!A$2:A$48, "") -> ft601_siwu_n | J82: =IF(I82<>"","IO_LOC """&I82&""" "&D82&";", "") -> IO_LOC "ft601_siwu_n" J4;
A83: 69 | B83: J4 | C83: 18 | D83: G2 | E83: G2_IOR24A_40P | F83: 2 | G83: RPLL | H83: 1.8 | I83: =_xlfn.XLOOKUP(D83, Sheet1!B$2:B$48, Sheet1!A$2:A$48, "") -> ft601_txe_n | J83: =IF(I83<>"","IO_LOC """&I83&""" "&D83&";", "") -> IO_LOC "ft601_txe_n" G2;
A84: 76 | B84: J4 | C84: 32 | D84: H4 | E84: H4_IOB89B_40P | F84: 3 | G84: GCLK | H84: 1.8 | I84: =_xlfn.XLOOKUP(D84, Sheet1!B$2:B$48, Sheet1!A$2:A$48, "") -> ft601_wakeup | J84: =IF(I84<>"","IO_LOC """&I84&""" "&D84&";", "") -> IO_LOC "ft601_wakeup" H4;
A85: 66 | B85: J4 | C85: 12 | D85: K2 | E85: K2_IOR20B_40P | F85: 2 | H85: 1.8 | I85: =_xlfn.XLOOKUP(D85, Sheet1!B$2:B$48, Sheet1!A$2:A$48, "") -> ft601_wr_n | J85: =IF(I85<>"","IO_LOC """&I85&""" "&D85&";", "") -> IO_LOC "ft601_wr_n" K2;
A86: 0 | D86: E2 | E86: IOB12A | F86: 5 | H86: 3.3 | I86: in_clk50 | J86: =IF(I86<>"","IO_LOC """&I86&""" "&D86&";", "") -> IO_LOC "in_clk50" E2;
A87: 101 | B87: J4 | C87: 21 | D87: C1 | E87: C1_JTAG_TCK | F87: 10 | H87: 3.3 | I87: JTAG | J87: =IF(I87<>"","IO_LOC """&I87&""" "&D87&";", "") -> IO_LOC "JTAG" C1;
A88: 102 | B88: J4 | C88: 23 | D88: B1 | E88: B1_JTAG_TMS | F88: 10 | H88: 3.3 | I88: JTAG | J88: =IF(I88<>"","IO_LOC """&I88&""" "&D88&";", "") -> IO_LOC "JTAG" B1;
A89: 103 | B89: J4 | C89: 25 | D89: A2 | E89: A2_JTAG_TDO | F89: 10 | H89: 3.3 | I89: JTAG | J89: =IF(I89<>"","IO_LOC """&I89&""" "&D89&";", "") -> IO_LOC "JTAG" A2;
A90: 104 | B90: J4 | C90: 27 | D90: A3 | E90: A3_JTAG_TDI | F90: 10 | H90: 3.3 | I90: JTAG | J90: =IF(I90<>"","IO_LOC """&I90&""" "&D90&";", "") -> IO_LOC "JTAG" A3;
A91: 26 | B91: J3 | C91: 52 | D91: E11 | E91: E11_IOL3A | F91: 6 | I91: led[0] | J91: =IF(I91<>"","IO_LOC """&I91&""" "&D91&";", "") -> IO_LOC "led[0]" E11;
A92: 27 | B92: J3 | C92: 54 | D92: E10 | E92: E10_IOL3B | F92: 6 | I92: led[1] | J92: =IF(I92<>"","IO_LOC """&I92&""" "&D92&";", "") -> IO_LOC "led[1]" E10;
A93: 28 | B93: J3 | C93: 56 | D93: A11 | E93: A11_IOL14A | F93: 6 | I93: led[2] | J93: =IF(I93<>"","IO_LOC """&I93&""" "&D93&";", "") -> IO_LOC "led[2]" A11;
A94: 29 | B94: J3 | C94: 58 | D94: A10 | E94: A10_IOL14B | F94: 6 | I94: led[3] | J94: =IF(I94<>"","IO_LOC """&I94&""" "&D94&";", "") -> IO_LOC "led[3]" A10;
A95: 113 | B95: J4 | C95: 45 | D95: B7 | E95: M0_CK_N | I95: mipi_ck_n | J95: =IF(I95<>"","IO_LOC """&I95&""" "&D95&";", "") -> IO_LOC "mipi_ck_n" B7;
A96: 112 | B96: J4 | C96: 43 | D96: A7 | E96: M0_CK_P | I96: mipi_ck_p | J96: =IF(I96<>"","IO_LOC """&I96&""" "&D96&";", "") -> IO_LOC "mipi_ck_p" A7;
A97: 116 | B97: J4 | C97: 51 | D97: B8 | E97: M0_D1_N | I97: mipi_d_n[1] | J97: =IF(I97<>"","IO_LOC """&I97&""" "&D97&";", "") -> IO_LOC "mipi_d_n[1]" B8;
A98: 119 | B98: J4 | C98: 57 | D98: B9 | E98: M0_D0_N | I98: mipi_d_n[1] | J98: =IF(I98<>"","IO_LOC """&I98&""" "&D98&";", "") -> IO_LOC "mipi_d_n[1]" B9;
A99: 110 | B99: J4 | C99: 39 | D99: B6 | E99: M0_D2_N | I99: mipi_d_n[2] | J99: =IF(I99<>"","IO_LOC """&I99&""" "&D99&";", "") -> IO_LOC "mipi_d_n[2]" B6;
A100: 107 | B100: J4 | C100: 33 | D100: B5 | E100: M0_D3_N | I100: mipi_d_n[3] | J100: =IF(I100<>"","IO_LOC """&I100&""" "&D100&";", "") -> IO_LOC "mipi_d_n[3]" B5;
A101: 115 | B101: J4 | C101: 49 | D101: A8 | E101: M0_D1_P | I101: mipi_d_p[1] | J101: =IF(I101<>"","IO_LOC """&I101&""" "&D101&";", "") -> IO_LOC "mipi_d_p[1]" A8;
A102: 118 | B102: J4 | C102: 55 | D102: A9 | E102: M0_D0_P | I102: mipi_d_p[1] | J102: =IF(I102<>"","IO_LOC """&I102&""" "&D102&";", "") -> IO_LOC "mipi_d_p[1]" A9;
A103: 109 | B103: J4 | C103: 37 | D103: A6 | E103: M0_D2_P | I103: mipi_d_p[2] | J103: =IF(I103<>"","IO_LOC """&I103&""" "&D103&";", "") -> IO_LOC "mipi_d_p[2]" A6;
A104: 106 | B104: J4 | C104: 31 | D104: A5 | E104: M0_D3_P | I104: mipi_d_p[3] | J104: =IF(I104<>"","IO_LOC """&I104&""" "&D104&";", "") -> IO_LOC "mipi_d_p[3]" A5;
A105: 96 | B105: J4 | C105: 11 | D105: A1 | E105: A1_IOB24A_40P | F105: 5 | H105: 3.3 | I105: mipi_gpio[0] | J105: =IF(I105<>"","IO_LOC """&I105&""" "&D105&";", "") -> IO_LOC "mipi_gpio[0]" A1;
A106: 42 | B106: J3 | C106: 23 | D106: E3 | E106: E3_IOB60A_40P | F106: 4 | H106: 3.3 | I106: mipi_gpio[1] | J106: =IF(I106<>"","IO_LOC """&I106&""" "&D106&";", "") -> IO_LOC "mipi_gpio[1]" E3;
A107: 52 | B107: J3 | C107: 43 | D107: G10 | E107: G10_IOT7B | F107: 7 | H107: 1.8 | I107: mipi_pwr_en | J107: =IF(I107<>"","IO_LOC """&I107&""" "&D107&";", "") -> IO_LOC "mipi_pwr_en" G10;
A108: 54 | B108: J3 | C108: 47 | D108: D11 | E108: D11_IOL9A | F108: 6 | H108: 1.8 | I108: mipi_scl | J108: =IF(I108<>"","IO_LOC """&I108&""" "&D108&";", "") -> IO_LOC "mipi_scl" D11;
...
